{
  "minecraft:recipes/redstone/redstone": {
    "criteria": {
      "has_redstone_block": "2023-10-24 21:13:46 +0200"
    },
    "done": true
  },
  "galacticraftcore:galacticraft/advanced_solar": {
    "criteria": {
      "advanced_solar": "2023-10-24 21:40:49 +0200"
    },
    "done": true
  },
  "galacticraftcore:galacticraft/root": {
    "criteria": {
      "tick": "2023-10-24 20:50:33 +0200"
    },
    "done": true
  },
  "minecraft:recipes/decorations/chest": {
    "criteria": {
      "has_lots_of_items": "2023-10-24 21:21:15 +0200"
    },
    "done": true
  },
  "galacticraftcore:galacticraft/oxygen_compressor": {
    "criteria": {
      "oxygen_compressor": "2023-10-24 21:19:02 +0200"
    },
    "done": true
  },
  "galacticraftcore:galacticraft/launch_rocket": {
    "criteria": {
      "launched_rocket": "2023-10-24 20:51:33 +0200"
    },
    "done": true
  },
  "galacticraftcore:galacticraft/oxygen_collector": {
    "criteria": {
      "oxygen_collector": "2023-10-24 21:18:48 +0200"
    },
    "done": true
  },
  "minecraft:adventure/adventuring_time": {
    "criteria": {
      "plains": "2023-10-24 20:50:33 +0200"
    },
    "done": false
  }
}